"Time","Env"
0,3800
0.04004004004004,3799.37982976146
0.0800800800800801,3798.78659760317
0.12012012012012,3798.21917993474
0.16016016016016,3797.67645316573
0.2002002002002,3797.15729370573
0.24024024024024,3796.66057796432
0.28028028028028,3796.18518235109
0.32032032032032,3795.72998327562
0.36036036036036,3795.29385714748
0.4004004004004,3794.87568037627
0.44044044044044,3794.47432937156
0.48048048048048,3794.08868054293
0.520520520520521,3793.71761029998
0.560560560560561,3793.35999505228
0.600600600600601,3793.01471120941
0.640640640640641,3792.68063518095
0.680680680680681,3792.3566433765
0.720720720720721,3792.04161220562
0.760760760760761,3791.73441807791
0.800800800800801,3791.43393740294
0.840840840840841,3791.1390465903
0.880880880880881,3790.84862204957
0.920920920920921,3790.56154019034
0.960960960960961,3790.27667742217
1.001001001001,3789.99291015467
1.04104104104104,3789.7091147974
1.08108108108108,3789.42416775996
1.12112112112112,3789.13694545192
1.16116116116116,3788.84632428287
1.2012012012012,3788.55118066239
1.24124124124124,3788.25039100005
1.28128128128128,3787.94283170546
1.32132132132132,3787.62737918817
1.36136136136136,3787.30290985779
1.4014014014014,3786.96830012389
1.44144144144144,3786.62242639605
1.48148148148148,3786.26416508386
1.52152152152152,3785.89239259689
1.56156156156156,3785.50598534473
1.6016016016016,3785.10381973697
1.64164164164164,3784.68477218318
1.68168168168168,3784.24771909295
1.72172172172172,3783.79153687586
1.76176176176176,3783.31510194149
1.8018018018018,3782.81729069943
1.84184184184184,3782.29697955925
1.88188188188188,3781.75304493055
1.92192192192192,3781.18436322289
1.96196196196196,3780.58981084587
2.002002002002,3779.96826434951
2.04204204204204,3779.31990041841
2.08208208208208,3778.64937366633
2.12212212212212,3777.96230204534
2.16216216216216,3777.26430350754
2.2022022022022,3776.56099600502
2.24224224224224,3775.85799748987
2.28228228228228,3775.16092591416
2.32232232232232,3774.47539923
2.36236236236236,3773.80703538947
2.4024024024024,3773.16145234465
2.44244244244244,3772.54426804764
2.48248248248248,3771.96110045053
2.52252252252252,3771.4175675054
2.56256256256256,3770.91928716433
2.6026026026026,3770.47187737943
2.64264264264264,3770.08095610277
2.68268268268268,3769.75214128645
2.72272272272272,3769.49105088254
2.76276276276276,3769.30330284316
2.8028028028028,3769.19451512036
2.84284284284284,3769.17030566626
2.88288288288288,3769.23629243293
2.92292292292292,3769.39809337247
2.96296296296296,3769.66132643696
3.003003003003,3770.03160768243
3.04304304304304,3770.50897741768
3.08308308308308,3771.07564450138
3.12312312312312,3771.71026071559
3.16316316316316,3772.39147784236
3.2032032032032,3773.09794766377
3.24324324324324,3773.80832196189
3.28328328328328,3774.50125251877
3.32332332332332,3775.15539111648
3.36336336336336,3775.74938953709
3.4034034034034,3776.26189956265
3.44344344344344,3776.67157297525
3.48348348348348,3776.95706155693
3.52352352352352,3777.09701708977
3.56356356356356,3777.07009135584
3.6036036036036,3776.85493613718
3.64364364364364,3776.43020321588
3.68368368368368,3775.774544374
3.72372372372372,3774.8666113936
3.76376376376376,3773.68505605674
3.8038038038038,3772.20853014549
3.84384384384384,3770.41568544192
3.88388388388388,3768.28517372808
3.92392392392392,3765.79564678606
3.96396396396396,3762.9257563979
4.004004004004,3759.65417119954
4.04404404404404,3755.98192489415
4.08408408408408,3751.97650594018
4.12412412412412,3747.71768925726
4.16416416416416,3743.28524976507
4.2042042042042,3738.75896238323
4.24424424424424,3734.21860203142
4.28428428428428,3729.74394362928
4.32432432432432,3725.41476209646
4.36436436436436,3721.31083235262
4.4044044044044,3717.51192931741
4.44444444444444,3714.09782791047
4.48448448448448,3711.14830305147
4.52452452452452,3708.74312966004
4.56456456456456,3706.96208265586
4.6046046046046,3705.88493695856
4.64464464464464,3705.5914674878
4.68468468468468,3706.16144916323
4.72472472472472,3707.6746569045
4.76476476476476,3710.21086563127
4.8048048048048,3713.84985026318
4.84484484484484,3718.6713857199
4.88488488488488,3724.75524692106
4.92492492492492,3732.18120878633
4.96496496496496,3741.02904623535
5.00500500500501,3751.37845831099
5.04504504504505,3763.25413337956
5.08508508508509,3776.52877858661
5.12512512512513,3791.04907533689
5.16516516516517,3806.66170503518
5.20520520520521,3823.21334908624
5.24524524524525,3840.55068889485
5.28528528528529,3858.52040586577
5.32532532532533,3876.96918140378
5.36536536536537,3895.74369691363
5.40540540540541,3914.69063380011
5.44544544544545,3933.65667346799
5.48548548548549,3952.48849732202
5.52552552552553,3971.03278676698
5.56556556556557,3989.13622320764
5.60560560560561,4006.64548804876
5.64564564564565,4023.40726269513
5.68568568568569,4039.2682285515
5.72572572572573,4054.07506702265
5.76576576576577,4067.67445951334
5.80580580580581,4079.91308742834
5.84584584584585,4090.63763217243
5.88588588588589,4099.69477515038
5.92592592592593,4106.93119776694
5.96596596596597,4112.1935814269
6.00600600600601,4115.32876422191
6.04604604604605,4116.2535652561
6.08608608608609,4115.0647092117
6.12612612612613,4111.88743198367
6.16616616616617,4106.84696946696
6.20620620620621,4100.06855755652
6.24624624624625,4091.67743214732
6.28628628628629,4081.7988291343
6.32632632632633,4070.55798441241
6.36636636636637,4058.08013387662
6.40640640640641,4044.49051342188
6.44644644644645,4029.91435894315
6.48648648648649,4014.47690633537
6.52652652652653,3998.3033914935
6.56656656656657,3981.51905031249
6.60660660660661,3964.24911868731
6.64664664664665,3946.6188325129
6.68668668668669,3928.75342768423
6.72672672672673,3910.77814009623
6.76676676676677,3892.81820564388
6.80680680680681,3874.99886022212
6.84684684684685,3857.4453397259
6.88688688688689,3840.28288005019
6.92692692692693,3823.63671708994
6.96696696696697,3807.63208674009
7.00700700700701,3792.39407258687
7.04704704704705,3778.00226497055
7.08708708708709,3764.42734282074
7.12712712712713,3751.62402728451
7.16716716716717,3739.54703950895
7.20720720720721,3728.1511006411
7.24724724724725,3717.39093182806
7.28728728728729,3707.22125421689
7.32732732732733,3697.59678895466
7.36736736736737,3688.47225718844
7.40740740740741,3679.80238006531
7.44744744744745,3671.54187873234
7.48748748748749,3663.6454743366
7.52752752752753,3656.06788802515
7.56756756756757,3648.76384094508
7.60760760760761,3641.68805424345
7.64764764764765,3634.79524906734
7.68768768768769,3628.04014656381
7.72772772772773,3621.37746787995
7.76776776776777,3614.76193416281
7.80780780780781,3608.14826655948
7.84784784784785,3601.49118621702
7.88788788788789,3594.7454142825
7.92792792792793,3587.865671903
7.96796796796797,3580.80668022559
8.00800800800801,3573.52323878587
8.04804804804805,3565.98676548732
8.08808808808809,3558.20575600707
8.12812812812813,3550.193722888
8.16816816816817,3541.96417867302
8.20820820820821,3533.53063590501
8.24824824824825,3524.90660712689
8.28828828828829,3516.10560488153
8.32832832832833,3507.14114171184
8.36836836836837,3498.02673016072
8.40840840840841,3488.77588277106
8.44844844844845,3479.40211208575
8.48848848848849,3469.91893064769
8.52852852852853,3460.33985099979
8.56856856856857,3450.67838568492
8.60860860860861,3440.94804724599
8.64864864864865,3431.1623482259
8.68868868868869,3421.33480116754
8.72872872872873,3411.47891861381
8.76876876876877,3401.60821310759
8.80880880880881,3391.7361971918
8.84884884884885,3381.87638340932
8.88888888888889,3372.04228430305
8.92892892892893,3362.24741241589
8.96896896896897,3352.50528029073
9.00900900900901,3342.82936547786
9.04904904904905,3333.22763824843
9.08908908908909,3323.69660881955
9.12912912912913,3314.23135741566
9.16916916916917,3304.82696426117
9.20920920920921,3295.47850958052
9.24924924924925,3286.18107359812
9.28928928928929,3276.92973653839
9.32932932932933,3267.71957862577
9.36936936936937,3258.54568008467
9.40940940940941,3249.40312113952
9.44944944944945,3240.28698201474
9.48948948948949,3231.19234293475
9.52952952952953,3222.11428412398
9.56956956956957,3213.04788580685
9.60960960960961,3203.98822820778
9.64964964964965,3194.9303915512
9.68968968968969,3185.86945606152
9.72972972972973,3176.80050196319
9.76976976976977,3167.7186094806
9.80980980980981,3158.6188588382
9.84984984984985,3149.4963302604
9.88988988988989,3140.34610397163
9.92992992992993,3131.16326019631
9.96996996996997,3121.94287915885
10.01001001001,3112.68009502951
10.0500500500501,3103.37656942205
10.0900900900901,3094.04664121658
10.1301301301301,3084.70610583022
10.1701701701702,3075.37075868007
10.2102102102102,3066.05639518324
10.2502502502503,3056.77881075683
10.2902902902903,3047.55380081796
10.3303303303303,3038.39716078373
10.3703703703704,3029.32468607125
10.4104104104104,3020.35217209762
10.4504504504505,3011.49541427995
10.4904904904905,3002.77020803535
10.5305305305305,2994.19234878093
10.5705705705706,2985.77763193379
10.6106106106106,2977.54185291104
10.6506506506507,2969.50080712979
10.6906906906907,2961.67029000715
10.7307307307307,2954.06609696021
10.7707707707708,2946.7040234061
10.8108108108108,2939.59986476191
10.8508508508509,2932.76941644475
10.8908908908909,2926.22847387174
10.9309309309309,2919.99283245997
10.970970970971,2914.07828762656
11.011011011011,2908.50052494528
11.0510510510511,2903.26472208517
11.0910910910911,2898.35699687621
11.1311311311311,2893.76145439942
11.1711711711712,2889.4621997358
11.2112112112112,2885.44333796638
11.2512512512513,2881.68897417215
11.2912912912913,2878.18321343412
11.3313313313313,2874.91016083332
11.3713713713714,2871.85392145076
11.4114114114114,2868.99860036743
11.4514514514515,2866.32830266436
11.4914914914915,2863.82713342256
11.5315315315315,2861.47919772303
11.5715715715716,2859.26860064679
11.6116116116116,2857.17944727485
11.6516516516517,2855.19584268822
11.6916916916917,2853.30189196791
11.7317317317317,2851.48170019493
11.7717717717718,2849.7193724503
11.8118118118118,2847.99901381502
11.8518518518519,2846.3047293701
11.8918918918919,2844.62062419657
11.9319319319319,2842.93080337542
11.971971971972,2841.21937198767
12.012012012012,2839.47048768939
12.0520520520521,2837.67237588838
12.0920920920921,2835.82015711396
12.1321321321321,2833.90961979342
12.1721721721722,2831.93655235406
12.2122122122122,2829.89674322316
12.2522522522523,2827.78598082801
12.2922922922923,2825.60005359589
12.3323323323323,2823.33474995411
12.3723723723724,2820.98585832994
12.4124124124124,2818.54916715068
12.4524524524525,2816.02046484362
12.4924924924925,2813.39553983604
12.5325325325325,2810.67018055523
12.5725725725726,2807.84017542849
12.6126126126126,2804.90131288309
12.6526526526527,2801.84938134634
12.6926926926927,2798.68016924552
12.7327327327327,2795.38946500791
12.7727727727728,2791.97305706081
12.8128128128128,2788.42673383151
12.8528528528529,2784.7462837473
12.8928928928929,2780.92749523546
12.9329329329329,2776.96615672328
12.972972972973,2772.85805663806
13.013013013013,2768.59905159276
13.0530530530531,2764.18934597649
13.0930930930931,2759.63603509115
13.1331331331331,2754.94682511656
13.1731731731732,2750.12942223254
13.2132132132132,2745.19153261892
13.2532532532533,2740.14086245551
13.2932932932933,2734.98511792214
13.3333333333333,2729.73200519864
13.3733733733734,2724.38923046483
13.4134134134134,2718.96449990052
13.4534534534535,2713.46551968554
13.4934934934935,2707.89999599972
13.5335335335335,2702.27563502288
13.5735735735736,2696.60014293484
13.6136136136136,2690.88122591541
13.6536536536537,2685.12659014444
13.6936936936937,2679.34394180173
13.7337337337337,2673.54098706711
13.7737737737738,2667.72543212041
13.8138138138138,2661.90498314144
13.8538538538539,2656.08734631004
13.8938938938939,2650.28022780601
13.9339339339339,2644.49133380919
13.973973973974,2638.72837049939
14.014014014014,2632.99897771241
14.0540540540541,2627.30725351839
14.0940940940941,2621.65204475073
14.1341341341341,2616.03177329286
14.1741741741742,2610.44486102822
14.2142142142142,2604.88972984023
14.2542542542543,2599.36480161233
14.2942942942943,2593.86849822795
14.3343343343343,2588.39924157051
14.3743743743744,2582.95545352344
14.4144144144144,2577.53555597019
14.4544544544545,2572.13797079416
14.4944944944945,2566.7611198788
14.5345345345345,2561.40342510754
14.5745745745746,2556.0633083638
14.6146146146146,2550.73919153102
14.6546546546547,2545.42949649262
14.6946946946947,2540.13264513204
14.7347347347347,2534.8470593327
14.7747747747748,2529.57116097804
14.8148148148148,2524.30337195148
14.8548548548549,2519.04211413646
14.8948948948949,2513.7858094164
14.9349349349349,2508.53287967474
14.974974974975,2503.28174679491
15.015015015015,2498.03083428106
15.0550550550551,2492.7786390504
15.0950950950951,2487.52375988603
15.1351351351351,2482.26480307439
15.1751751751752,2477.00037490194
15.2152152152152,2471.72908165515
15.2552552552553,2466.44952962046
15.2952952952953,2461.16032508433
15.3353353353353,2455.86007433322
15.3753753753754,2450.5473836536
15.4154154154154,2445.22085933191
15.4554554554555,2439.87910765461
15.4954954954955,2434.52073490816
15.5355355355355,2429.14434737902
15.5755755755756,2423.74855135365
15.6156156156156,2418.3319531185
15.6556556556557,2412.89315896002
15.6956956956957,2407.43077516469
15.7357357357357,2401.94340801895
15.7757757757758,2396.42966380926
15.8158158158158,2390.88814882207
15.8558558558559,2385.31746934386
15.8958958958959,2379.71623166107
15.9359359359359,2374.08304206015
15.975975975976,2368.41650682758
16.016016016016,2362.71532341443
16.0560560560561,2356.98173329688
16.0960960960961,2351.22258176504
16.1361361361361,2345.44502178965
16.1761761761762,2339.65620634144
16.2162162162162,2333.86328839117
16.2562562562563,2328.07342090956
16.2962962962963,2322.29375686737
16.3363363363363,2316.53144923532
16.3763763763764,2310.79365098418
16.4164164164164,2305.08751508466
16.4564564564565,2299.42019450752
16.4964964964965,2293.7988422235
16.5365365365365,2288.23061120333
16.5765765765766,2282.72265441776
16.6166166166166,2277.28212483753
16.6566566566567,2271.91617543337
16.6966966966967,2266.63195917604
16.7367367367367,2261.43662903627
16.7767767767768,2256.3373379848
16.8168168168168,2251.34123899238
16.8568568568569,2246.45548502974
16.8968968968969,2241.68722906762
16.9369369369369,2237.04362407677
16.976976976977,2232.53182302793
17.017017017017,2228.15879415018
17.0570570570571,2223.92528089787
17.0970970970971,2219.82445434805
17.1371371371371,2215.84902806673
17.1771771771772,2211.99171561992
17.2172172172172,2208.24523057362
17.2572572572573,2204.60228649386
17.2972972972973,2201.05559694663
17.3373373373373,2197.59787549795
17.3773773773774,2194.22183571383
17.4174174174174,2190.92019116028
17.4574574574575,2187.68565540331
17.4974974974975,2184.51094200892
17.5375375375375,2181.38876454314
17.5775775775776,2178.31183657196
17.6176176176176,2175.27287166141
17.6576576576577,2172.26458337748
17.6976976976977,2169.27968528619
17.7377377377377,2166.31089095355
17.7777777777778,2163.35091394557
17.8178178178178,2160.39246782826
17.8578578578579,2157.42826616763
17.8978978978979,2154.45102252969
17.9379379379379,2151.45345048045
17.977977977978,2148.42826358591
18.018018018018,2145.36831737671
18.0580580580581,2142.27064901031
18.0980980980981,2139.13706031913
18.1381381381381,2135.96961233296
18.1781781781782,2132.77036608158
18.2182182182182,2129.54138259478
18.2582582582583,2126.28472290235
18.2982982982983,2123.00244803408
18.3383383383383,2119.69661901975
18.3783783783784,2116.36929688915
18.4184184184184,2113.02254267207
18.4584584584585,2109.6584173983
18.4984984984985,2106.27898209763
18.5385385385385,2102.88629779984
18.5785785785786,2099.48242553472
18.6186186186186,2096.06942633205
18.6586586586587,2092.64936122164
18.6986986986987,2089.22429123326
18.7387387387387,2085.7962773967
18.7787787787788,2082.36738074175
18.8188188188188,2078.9396622982
18.8588588588589,2075.51518309583
18.8988988988989,2072.09600416444
18.9389389389389,2068.68418653381
18.978978978979,2065.28179123372
19.019019019019,2061.89082537375
19.0590590590591,2058.51189721139
19.0990990990991,2055.14412186439
19.1391391391391,2051.7865416476
19.1791791791792,2048.43819887584
19.2192192192192,2045.09813586396
19.2592592592593,2041.7653949268
19.2992992992993,2038.43901837919
19.3393393393393,2035.11804853598
19.3793793793794,2031.80152771201
19.4194194194194,2028.4884982221
19.4594594594595,2025.17800238111
19.4994994994995,2021.86908250387
19.5395395395395,2018.56078090522
19.5795795795796,2015.2521399
19.6196196196196,2011.94220180304
19.6596596596597,2008.63000892919
19.6996996996997,2005.31460359328
19.7397397397397,2001.99502811016
19.7797797797798,1998.67032479466
19.8198198198198,1995.33953596162
19.8598598598599,1992.00170392587
19.8998998998999,1988.65587100227
19.9399399399399,1985.30107950565
19.97997997998,1981.93637175084
20.02002002002,1978.56084887944
20.0600600600601,1975.17496504861
20.1001001001001,1971.78052743099
20.1401401401401,1968.37940202604
20.1801801801802,1964.97345483318
20.2202202202202,1961.56455185184
20.2602602602603,1958.15455908147
20.3003003003003,1954.74534252149
20.3403403403403,1951.33876817134
20.3803803803804,1947.93670203046
20.4204204204204,1944.54101009827
20.4604604604605,1941.15355837421
20.5005005005005,1937.77621285772
20.5405405405405,1934.41083954822
20.5805805805806,1931.05930444516
20.6206206206206,1927.72347354797
20.6606606606607,1924.40521285607
20.7007007007007,1921.10638836891
20.7407407407407,1917.82886608592
20.7807807807808,1914.57451200653
20.8208208208208,1911.34519213018
20.8608608608609,1908.1427724563
20.9009009009009,1904.96911898432
20.9409409409409,1901.82609771368
20.980980980981,1898.71557464381
21.021021021021,1895.63920921312
21.0610610610611,1892.59442442938
21.1011011011011,1889.57467438874
21.1411411411411,1886.57326020147
21.1811811811812,1883.58348297785
21.2212212212212,1880.59864382814
21.2612612612613,1877.61204386262
21.3013013013013,1874.61698419156
21.3413413413413,1871.60676592523
21.3813813813814,1868.5746901739
21.4214214214214,1865.51405804785
21.4614614614615,1862.41817065733
21.5015015015015,1859.28032911264
21.5415415415415,1856.09383452403
21.5815815815816,1852.85198800178
21.6216216216216,1849.54809065616
21.6616616616617,1846.17544359744
21.7017017017017,1842.72734793589
21.7417417417417,1839.19710478179
21.7817817817818,1835.5780152454
21.8218218218218,1831.863380437
21.8618618618619,1828.04650146686
21.9019019019019,1824.12067944525
21.9419419419419,1820.07921548244
21.981981981982,1815.9154106887
22.022022022022,1811.62291187445
22.0620620620621,1807.20172065504
22.1021021021021,1802.65741582022
22.1421421421421,1797.99576550266
22.1821821821822,1793.22253783503
22.2222222222222,1788.34350095
22.2622622622623,1783.36442298022
22.3023023023023,1778.29107205836
22.3423423423423,1773.12921631709
22.3823823823824,1767.88462388907
22.4224224224224,1762.56306290697
22.4624624624625,1757.17030150345
22.5025025025025,1751.71210781117
22.5425425425425,1746.19424996281
22.5825825825826,1740.62249609103
22.6226226226226,1735.00261432849
22.6626626626627,1729.34037280785
22.7027027027027,1723.64153966179
22.7427427427427,1717.91188302296
22.7827827827828,1712.15717102404
22.8228228228228,1706.38317179768
22.8628628628629,1700.59565347655
22.9029029029029,1694.80038419333
22.9429429429429,1689.00313208066
22.982982982983,1683.20966527122
23.023023023023,1677.42627069529
23.0630630630631,1671.66782202981
23.1031031031031,1665.95625157562
23.1431431431431,1660.31370112258
23.1831831831832,1654.76231246054
23.2232232232232,1649.32422737935
23.2632632632633,1644.02158766887
23.3033033033033,1638.87653511894
23.3433433433433,1633.91121151943
23.3833833833834,1629.14775866019
23.4234234234234,1624.60831833106
23.4634634634635,1620.31503232191
23.5035035035035,1616.29004242258
23.5435435435435,1612.55549042293
23.5835835835836,1609.13351811281
23.6236236236236,1606.04626728207
23.6636636636637,1603.31587972058
23.7037037037037,1600.96449721817
23.7437437437437,1599.01426156471
23.7837837837838,1597.48731455005
23.8238238238238,1596.40579796404
23.8638638638639,1595.79185359653
23.9039039039039,1595.66762323738
23.9439439439439,1596.05524867644
23.983983983984,1596.97687170357
24.024024024024,1598.45463410861
24.0640640640641,1600.51067768142
24.1041041041041,1603.16714421185
24.1441441441441,1606.44617548977
24.1841841841842,1610.36991330501
24.2242242242242,1614.96049944743
24.2642642642643,1620.24007570689
24.3043043043043,1626.23078387324
24.3443443443443,1632.95476573634
24.3843843843844,1640.43416308602
24.4244244244244,1648.69111771216
24.4644644644645,1657.7477714046
24.5045045045045,1667.6262659532
24.5445445445445,1678.3487431478
24.5845845845846,1689.93734477827
24.6246246246246,1702.41421263445
24.6646646646647,1715.8014885062
24.7047047047047,1730.12131418337
24.7447447447447,1745.39583145582
24.7847847847848,1761.64718211339
24.8248248248248,1778.89750794595
24.8648648648649,1797.16895074334
24.9049049049049,1816.48365229541
24.9449449449449,1836.86375439203
24.984984984985,1858.33139882304
25.025025025025,1880.9087273783
25.0650650650651,1904.61788184766
25.1051051051051,1929.48100402098
25.1451451451451,1955.5202356881
25.1851851851852,1982.75771863888
25.2252252252252,2011.21559466317
25.2652652652653,2040.91600555083
25.3053053053053,2071.88109309171
25.3453453453453,2104.13299907566
25.3853853853854,2137.69386529254
25.4254254254254,2172.5858335322
25.4654654654655,2208.83104558449
25.5055055055055,2246.45164323926
25.5455455455455,2285.46976828638
25.5855855855856,2325.90756251569
25.6256256256256,2367.78716771704
25.6656656656657,2411.13072568029
25.7057057057057,2455.9603781953
25.7457457457457,2502.2982670519
25.7857857857858,2550.16653403997
25.8258258258258,2599.58732094934
25.8658658658659,2650.58276956989
25.9059059059059,2703.17502169145
25.9459459459459,2757.38621910388
25.985985985986,2813.23850359703
26.026026026026,2870.75401696076
26.0660660660661,2929.95490098492
26.1061061061061,2990.86329745937
26.1461461461461,3053.50134817396
26.1861861861862,3117.89119491853
26.2262262262262,3184.05497948295
26.2662662662663,3252.01484365706
26.3063063063063,3321.79292923072
26.3463463463463,3393.41137799379
26.3863863863864,3466.89233173612
26.4264264264264,3542.25793224755
26.4664664664665,3619.53032131794
26.5065065065065,3698.73164073715
26.5465465465465,3779.88403229503
26.5865865865866,3863.00963778144
26.6266266266266,3948.13059898621
26.6666666666667,4035.26905769922
26.7067067067067,4124.44715571031
26.7467467467467,4215.68703480933
26.7867867867868,4309.01083678614
26.8268268268268,4404.4407034306
26.8668668668669,4501.99877653255
26.9069069069069,4601.70719788184
26.9469469469469,4703.58810926834
26.986986986987,4807.66365248189
27.027027027027,4913.95596931235
27.0670670670671,5022.48720154957
27.1071071071071,5133.27949098341
27.1471471471471,5246.35497940371
27.1871871871872,5361.73580860033
27.2272272272272,5479.44412036313
27.2672672672673,5599.50205648195
27.3073073073073,5721.93175874666
27.3473473473473,5846.75536894709
27.3873873873874,5973.99502887311
27.4274274274274,6103.67288031457
27.4674674674675,6235.81106506133
27.5075075075075,6370.43172490323
27.5475475475475,6507.55700163013
27.5875875875876,6647.20903703188
27.6276276276276,6789.40997289834
27.6676676676677,6934.18195101936
27.7077077077077,7081.54711318479
27.7477477477477,7231.52760118448
27.7877877877878,7384.1455568083
27.8278278278278,7539.42312184609
27.8678678678679,7697.38243808769
27.9079079079079,7858.04564732298
27.9479479479479,8021.4348913418
27.987987987988,8187.572311934
28.028028028028,8356.48005088945
28.0680680680681,8528.18024999798
28.1081081081081,8702.69505104946
28.1481481481481,8880.04659583374
28.1881881881882,9060.25702614066
28.2282282282282,9243.3484837601
28.2682682682683,9429.34311048188
28.3083083083083,9618.26304809587
28.3483483483483,9810.13043839193
28.3883883883884,10004.9674231599
28.4284284284284,10202.7961441897
28.4684684684685,10403.638743271
28.5085085085085,10607.5173621939
28.5485485485485,10814.454142748
28.5885885885886,11024.4712267234
28.6286286286286,11237.5907559098
28.6686686686687,11453.8348720971
28.7087087087087,11673.2257170751
28.7487487487487,11895.7854326337
28.7887887887888,12121.5361605628
28.8288288288288,12350.5000426522
28.8688688688689,12582.6992206917
28.9089089089089,12818.1558364712
28.9489489489489,13056.8920317806
28.988988988989,13298.9299484097
29.029029029029,13544.2917281484
29.0690690690691,13792.9995127865
29.1091091091091,14045.0754441139
29.1491491491491,14300.5416639204
29.1891891891892,14559.4203139959
29.2292292292292,14821.7335361302
29.2692692692693,15087.5034721132
29.3093093093093,15356.7522637348
29.3493493493493,15629.5020527847
29.3893893893894,15905.7749810529
29.4294294294294,16185.5931903292
29.4694694694695,16468.9788224034
29.5095095095095,16755.9540190655
29.5495495495495,17046.5409221052
29.5895895895896,17340.7616733124
29.6296296296296,17638.638414477
29.6696696696697,17940.1932873888
29.7097097097097,18245.4484338376
29.7497497497497,18554.4259956134
29.7897897897898,18867.148114506
29.8298298298298,19183.6369323052
29.8698698698699,19503.914590801
29.9099099099099,19828.003231783
29.9499499499499,20155.9249970412
29.98998998999,20487.7020283655
30.03003003003,20823.3564675457
30.0700700700701,21162.9104563716
30.1101101101101,21506.3861366331
30.1501501501502,21853.8056501201
30.1901901901902,22205.1911386224
30.2302302302302,22560.5647439299
30.2702702702703,22919.9486078323
30.3103103103103,23283.3648721197
30.3503503503504,23650.8356785818
30.3903903903904,24022.3831690084
30.4304304304304,24398.0294851895
30.4704704704705,24777.7967689148
30.5105105105105,25161.7071619744
30.5505505505506,25549.7828061579
30.5905905905906,25942.0458432552
30.6306306306306,26338.5184150562
30.6706706706707,26739.2226633508
30.7107107107107,27144.1807299288
30.7507507507508,27553.41475658
30.7907907907908,27966.9468850943
30.8308308308308,28384.7992572617
30.8708708708709,28806.9940148718
30.9109109109109,29233.5532997146
30.950950950951,29664.4992535799
30.990990990991,30099.8540182576
31.031031031031,30539.6397355375
31.0710710710711,30983.8785472095
31.1111111111111,31432.5925950635
31.1511511511512,31885.8040208892
31.1911911911912,32343.5349664766
31.2312312312312,32805.8075736154
31.2712712712713,33272.6439840956
31.3113113113113,33744.066339707
31.3513513513514,34220.0967822395
31.3913913913914,34700.7574534829
31.4314314314314,35186.070495227
31.4714714714715,35676.0580492617
31.5115115115115,36170.742257377
31.5515515515516,36670.1452613625
31.5915915915916,37174.2892030082
31.6316316316316,37683.1962241039
31.6716716716717,38196.8884664395
31.7117117117117,38715.3880718049
31.7517517517518,39238.7171819898
31.7917917917918,39766.8979387842
31.8318318318318,40299.9524839778
31.8718718718719,40837.9029593606
31.9119119119119,41380.7715067225
31.951951951952,41928.5802678531
31.991991991992,42481.3513845424
32.032032032032,43039.1069985804
32.0720720720721,43601.8692517568
32.1121121121121,44169.6602858614
32.1521521521522,44742.5022426841
32.1921921921922,45320.4172640148
32.2322322322322,45903.4274916433
32.2722722722723,46491.5550673595
32.3123123123123,47084.8221329532
32.3523523523524,47683.2508302143
32.3923923923924,48286.8633009327
32.4324324324324,48895.6816868981
32.4724724724725,49509.7281299005
32.5125125125125,50129.0247717296
32.5525525525526,50753.5937541755
32.5925925925926,51383.4572190278
32.6326326326326,52018.6373080765
32.6726726726727,52659.1561631114
32.7127127127127,53305.0359259223
32.7527527527528,53956.2987382992
32.7927927927928,54612.9667420319
32.8328328328328,55275.0620789101
32.8728728728729,55942.6068907239
32.9129129129129,56615.623319263
32.952952952953,57294.1335063172
32.992992992993,57978.1595936765
33.033033033033,58667.7237231307
33.0730730730731,59362.8480364696
33.1131131131131,60063.5546754831
33.1531531531532,60769.8657819611
33.1931931931932,61481.8034976933
33.2332332332332,62199.3899644698
33.2732732732733,62922.6473240803
33.3133133133133,63651.5977183145
33.3533533533534,64386.2632889625
33.3933933933934,65126.6661778141
33.4334334334334,65872.8285266591
33.4734734734735,66624.7724772873
33.5135135135135,67382.5201714887
33.5535535535536,68146.0937510532
33.5935935935936,68915.5153577703
33.6336336336336,69690.8071334302
33.6736736736737,70471.9912198227
33.7137137137137,71259.0897587375
33.7537537537538,72052.1248919646
33.7937937937938,72851.1187612938
33.8338338338338,73656.0935085149
33.8738738738739,74467.0712754179
33.9139139139139,75284.0742037924
33.953953953954,76107.1244354285
33.993993993994,76936.244112116
34.034034034034,77771.4553756447
34.0740740740741,78612.7803678044
34.1141141141141,79460.2412303852
34.1541541541542,80313.8601051766
34.1941941941942,81173.6591339687
34.2342342342342,82039.6604585513
34.2742742742743,82911.8862207142
34.3143143143143,83790.3585622473
34.3543543543544,84675.0996249405
34.3943943943944,85566.1315505835
34.4344344344344,86463.4764809663
34.4744744744745,87367.1565578788
34.5145145145145,88277.1939231107
34.5545545545546,89193.6107184519
34.5945945945946,90116.4290856922
34.6346346346346,91045.6711666215
34.6746746746747,91981.3591030298
34.7147147147147,92923.5150367067
34.7547547547548,93872.1611094422
34.7947947947948,94827.3194630262
34.8348348348348,95789.0122392484
34.8748748748749,96757.2615798989
34.9149149149149,97732.0896267673
34.954954954955,98713.5185216435
34.994994994995,99701.5704063174
35.035035035035,100696.267422579
35.0750750750751,101697.631712218
35.1151151151151,102705.685417024
35.1551551551552,103720.450678787
35.1951951951952,104741.949639297
35.2352352352352,105770.204440344
35.2752752752753,106805.237223718
35.3153153153153,107847.070131208
35.3553553553554,108895.725304605
35.3953953953954,109951.224885697
35.4354354354354,111013.591016276
35.4754754754755,112082.845838131
35.5155155155155,113159.011493052
35.5555555555556,114242.110122828
35.5955955955956,115332.16386925
35.6356356356356,116429.194874107
35.6756756756757,117533.225279189
35.7157157157157,118644.277226286
35.7557557557558,119762.372857189
35.7957957957958,120887.534313686
35.8358358358358,122019.783737567
35.8758758758759,123159.143270623
35.9159159159159,124305.635054644
35.955955955956,125459.281231418
35.995995995996,126620.103942737
36.036036036036,127788.125330389
36.0760760760761,128963.367536166
36.1161161161161,130145.852701855
36.1561561561562,131335.602969249
36.1961961961962,132532.640480135
36.2362362362362,133736.987376305
36.2762762762763,134948.665799548
36.3163163163163,136167.697891653
36.3563563563564,137394.105794411
36.3963963963964,138627.911649612
36.4364364364364,139869.137599045
36.4764764764765,141117.805784501
36.5165165165165,142373.938347768
36.5565565565566,143637.557430638
36.5965965965966,144908.685174899
36.6366366366366,146187.343722342
36.6766766766767,147473.555214757
36.7167167167167,148767.341793933
36.7567567567568,150068.72560166
36.7967967967968,151377.728779728
36.8368368368368,152694.373469928
36.8768768768769,154018.681814048
36.9169169169169,155350.675953878
36.956956956957,156690.37803121
36.996996996997,158037.810187831
37.037037037037,159392.994565533
37.0770770770771,160755.953306105
37.1171171171171,162126.708551337
37.1571571571572,163505.282443018
37.1971971971972,164891.697122939
37.2372372372372,166285.97473289
37.2772772772773,167688.13741466
37.3173173173173,169098.207310039
37.3573573573574,170516.206560817
37.3973973973974,171942.157308784
37.4374374374374,173376.08169573
37.4774774774775,174818.001863444
37.5175175175175,176267.939953717
37.5575575575576,177725.918108338
37.5975975975976,179191.958469097
37.6376376376376,180666.083177785
37.6776776776777,182148.31437619
37.7177177177177,183638.674206103
37.7577577577578,185137.184809313
37.7977977977978,186643.868327611
37.8378378378378,188158.746902786
37.8778778778779,189681.842676628
37.9179179179179,191213.177790928
37.957957957958,192752.774387474
37.997997997998,194300.654608056
38.038038038038,195856.840594466
38.0780780780781,197421.354488491
38.1181181181181,198994.218431923
38.1581581581582,200575.454566551
38.1981981981982,202165.085034165
38.2382382382382,203763.131976555
38.2782782782783,205369.617535511
38.3183183183183,206984.563852822
38.3583583583584,208607.993070278
38.3983983983984,210239.927329669
38.4384384384384,211880.388772786
38.4784784784785,213529.399541418
38.5185185185185,215186.981777354
38.5585585585586,216853.157622385
38.5985985985986,218527.9492183
38.6386386386386,220211.37870689
38.6786786786787,221903.468229944
38.7187187187187,223604.239929252
38.7587587587588,225313.715946604
38.7987987987988,227031.918423789
38.8388388388388,228758.869502599
38.8788788788789,230494.591324822
38.9189189189189,232239.106032248
38.958958958959,233992.435766667
38.998998998999,235754.602669869
39.039039039039,237525.628883644
39.0790790790791,239305.536549782
39.1191191191191,241094.347810072
39.1591591591592,242892.084806305
39.1991991991992,244698.76968027
39.2392392392392,246514.424573757
39.2792792792793,248339.071628557
39.3193193193193,250172.732986458
39.3593593593594,252015.430789251
39.3993993993994,253867.187178725
39.4394394394394,255728.024296671
39.4794794794795,257597.964284877
39.5195195195195,259477.029285135
39.5595595595596,261365.241439234
39.5995995995996,263262.622888964
39.6396396396396,265169.195776115
39.6796796796797,267084.982242476
39.7197197197197,269010.004429838
39.7597597597598,270944.284479989
39.7997997997998,272887.844534721
39.8398398398398,274840.706735822
39.8798798798799,276802.893225084
39.9199199199199,278774.426144295
39.95995995996,280755.327635245
40,282745.619839726
